{
  "Get Public Token" : {
    "transaction" : "Get Public Token",
    "sampleCount" : 1,
    "errorCount" : 0,
    "errorPct" : 0.0,
    "meanResTime" : 1228.0,
    "minResTime" : 1228.0,
    "maxResTime" : 1228.0,
    "pct1ResTime" : 1228.0,
    "pct2ResTime" : 1228.0,
    "pct3ResTime" : 1228.0,
    "throughput" : 0.8143322475570033,
    "receivedKBytesPerSec" : 0.47476206229641693,
    "sentKBytesPerSec" : 0.3753562703583062
  },
  "Create Member" : {
    "transaction" : "Create Member",
    "sampleCount" : 1,
    "errorCount" : 0,
    "errorPct" : 0.0,
    "meanResTime" : 1944.0,
    "minResTime" : 1944.0,
    "maxResTime" : 1944.0,
    "pct1ResTime" : 1944.0,
    "pct2ResTime" : 1944.0,
    "pct3ResTime" : 1944.0,
    "throughput" : 0.51440329218107,
    "receivedKBytesPerSec" : 0.319995016718107,
    "sentKBytesPerSec" : 0.4596474729938272
  },
  "POS-Event" : {
    "transaction" : "POS-Event",
    "sampleCount" : 1,
    "errorCount" : 0,
    "errorPct" : 0.0,
    "meanResTime" : 2454.0,
    "minResTime" : 2454.0,
    "maxResTime" : 2454.0,
    "pct1ResTime" : 2454.0,
    "pct2ResTime" : 2454.0,
    "pct3ResTime" : 2454.0,
    "throughput" : 0.40749796251018744,
    "receivedKBytesPerSec" : 0.2073305063162184,
    "sentKBytesPerSec" : 0.3422346169519152
  },
  "Get Device ID" : {
    "transaction" : "Get Device ID",
    "sampleCount" : 1,
    "errorCount" : 0,
    "errorPct" : 0.0,
    "meanResTime" : 2379.0,
    "minResTime" : 2379.0,
    "maxResTime" : 2379.0,
    "pct1ResTime" : 2379.0,
    "pct2ResTime" : 2379.0,
    "pct3ResTime" : 2379.0,
    "throughput" : 0.4203446826397646,
    "receivedKBytesPerSec" : 0.25450556956704495,
    "sentKBytesPerSec" : 0.10221272068095838
  },
  "Total" : {
    "transaction" : "Total",
    "sampleCount" : 6,
    "errorCount" : 0,
    "errorPct" : 0.0,
    "meanResTime" : 2578.1666666666665,
    "minResTime" : 1228.0,
    "maxResTime" : 6235.0,
    "pct1ResTime" : 6235.0,
    "pct2ResTime" : 6235.0,
    "pct3ResTime" : 6235.0,
    "throughput" : 0.3857280617164899,
    "receivedKBytesPerSec" : 0.3193054885888782,
    "sentKBytesPerSec" : 0.20196731356477018
  },
  "Get Member Details" : {
    "transaction" : "Get Member Details",
    "sampleCount" : 1,
    "errorCount" : 0,
    "errorPct" : 0.0,
    "meanResTime" : 1229.0,
    "minResTime" : 1229.0,
    "maxResTime" : 1229.0,
    "pct1ResTime" : 1229.0,
    "pct2ResTime" : 1229.0,
    "pct3ResTime" : 1229.0,
    "throughput" : 0.8136696501220504,
    "receivedKBytesPerSec" : 1.6344906936533765,
    "sentKBytesPerSec" : 0.2582447620016273
  },
  "Member Login" : {
    "transaction" : "Member Login",
    "sampleCount" : 1,
    "errorCount" : 0,
    "errorPct" : 0.0,
    "meanResTime" : 6235.0,
    "minResTime" : 6235.0,
    "maxResTime" : 6235.0,
    "pct1ResTime" : 6235.0,
    "pct2ResTime" : 6235.0,
    "pct3ResTime" : 6235.0,
    "throughput" : 0.16038492381716118,
    "receivedKBytesPerSec" : 0.10243334001603849,
    "sentKBytesPerSec" : 0.0620238572574178
  }
}