{
  "Get Public Token" : {
    "transaction" : "Get Public Token",
    "sampleCount" : 3,
    "errorCount" : 0,
    "errorPct" : 0.0,
    "meanResTime" : 549.6666666666667,
    "minResTime" : 265.0,
    "maxResTime" : 1115.0,
    "pct1ResTime" : 1115.0,
    "pct2ResTime" : 1115.0,
    "pct3ResTime" : 1115.0,
    "throughput" : 2.690582959641256,
    "receivedKBytesPerSec" : 1.5686308856502242,
    "sentKBytesPerSec" : 1.2401905829596414
  },
  "Create Member" : {
    "transaction" : "Create Member",
    "sampleCount" : 3,
    "errorCount" : 0,
    "errorPct" : 0.0,
    "meanResTime" : 851.0,
    "minResTime" : 782.0,
    "maxResTime" : 972.0,
    "pct1ResTime" : 972.0,
    "pct2ResTime" : 972.0,
    "pct3ResTime" : 972.0,
    "throughput" : 1.8226002430133657,
    "receivedKBytesPerSec" : 1.1337855027339003,
    "sentKBytesPerSec" : 1.6285929905832321
  },
  "POS-Event" : {
    "transaction" : "POS-Event",
    "sampleCount" : 3,
    "errorCount" : 0,
    "errorPct" : 0.0,
    "meanResTime" : 2317.6666666666665,
    "minResTime" : 2046.0,
    "maxResTime" : 2742.0,
    "pct1ResTime" : 2742.0,
    "pct2ResTime" : 2742.0,
    "pct3ResTime" : 2742.0,
    "throughput" : 1.0298661174047374,
    "receivedKBytesPerSec" : 0.5239846163748713,
    "sentKBytesPerSec" : 0.864926622039135
  },
  "Get Device ID" : {
    "transaction" : "Get Device ID",
    "sampleCount" : 3,
    "errorCount" : 0,
    "errorPct" : 0.0,
    "meanResTime" : 1638.3333333333333,
    "minResTime" : 1271.0,
    "maxResTime" : 2265.0,
    "pct1ResTime" : 2265.0,
    "pct2ResTime" : 2265.0,
    "pct3ResTime" : 2265.0,
    "throughput" : 0.9499683343888536,
    "receivedKBytesPerSec" : 0.5751761399620012,
    "sentKBytesPerSec" : 0.23099815943635213
  },
  "Total" : {
    "transaction" : "Total",
    "sampleCount" : 18,
    "errorCount" : 0,
    "errorPct" : 0.0,
    "meanResTime" : 1160.4444444444443,
    "minResTime" : 265.0,
    "maxResTime" : 2742.0,
    "pct1ResTime" : 2312.7000000000007,
    "pct2ResTime" : 2742.0,
    "pct3ResTime" : 2742.0,
    "throughput" : 2.2396416573348263,
    "receivedKBytesPerSec" : 1.8539741974617392,
    "sentKBytesPerSec" : 1.1726769550205298
  },
  "Get Member Details" : {
    "transaction" : "Get Member Details",
    "sampleCount" : 3,
    "errorCount" : 0,
    "errorPct" : 0.0,
    "meanResTime" : 590.3333333333333,
    "minResTime" : 302.0,
    "maxResTime" : 1162.0,
    "pct1ResTime" : 1162.0,
    "pct2ResTime" : 1162.0,
    "pct3ResTime" : 1162.0,
    "throughput" : 2.581755593803787,
    "receivedKBytesPerSec" : 5.18620239888124,
    "sentKBytesPerSec" : 0.8194048515490534
  },
  "Member Login" : {
    "transaction" : "Member Login",
    "sampleCount" : 3,
    "errorCount" : 0,
    "errorPct" : 0.0,
    "meanResTime" : 1015.6666666666666,
    "minResTime" : 497.0,
    "maxResTime" : 1283.0,
    "pct1ResTime" : 1283.0,
    "pct2ResTime" : 1283.0,
    "pct3ResTime" : 1283.0,
    "throughput" : 1.532958610117527,
    "receivedKBytesPerSec" : 0.9790575498211548,
    "sentKBytesPerSec" : 0.5928238375063873
  }
}