{
  "Get Public Token" : {
    "transaction" : "Get Public Token",
    "sampleCount" : 40,
    "errorCount" : 0,
    "errorPct" : 0.0,
    "meanResTime" : 1065.6,
    "minResTime" : 264.0,
    "maxResTime" : 7161.0,
    "pct1ResTime" : 2617.3,
    "pct2ResTime" : 4285.299999999995,
    "pct3ResTime" : 7161.0,
    "throughput" : 1.00454556869836,
    "receivedKBytesPerSec" : 0.5856579145633993,
    "sentKBytesPerSec" : 0.4630327230719003
  },
  "Create Member" : {
    "transaction" : "Create Member",
    "sampleCount" : 40,
    "errorCount" : 0,
    "errorPct" : 0.0,
    "meanResTime" : 2120.7499999999995,
    "minResTime" : 743.0,
    "maxResTime" : 7664.0,
    "pct1ResTime" : 3848.9999999999995,
    "pct2ResTime" : 4444.099999999998,
    "pct3ResTime" : 7664.0,
    "throughput" : 0.9245989552031807,
    "receivedKBytesPerSec" : 0.575165561000416,
    "sentKBytesPerSec" : 0.8261797304794045
  },
  "POS-Event" : {
    "transaction" : "POS-Event",
    "sampleCount" : 40,
    "errorCount" : 0,
    "errorPct" : 0.0,
    "meanResTime" : 3032.1000000000004,
    "minResTime" : 1854.0,
    "maxResTime" : 5131.0,
    "pct1ResTime" : 4194.599999999999,
    "pct2ResTime" : 4279.65,
    "pct3ResTime" : 5131.0,
    "throughput" : 0.9484966328369535,
    "receivedKBytesPerSec" : 0.48258471260552027,
    "sentKBytesPerSec" : 0.7965889689841602
  },
  "Get Device ID" : {
    "transaction" : "Get Device ID",
    "sampleCount" : 40,
    "errorCount" : 0,
    "errorPct" : 0.0,
    "meanResTime" : 1826.825,
    "minResTime" : 1037.0,
    "maxResTime" : 7520.0,
    "pct1ResTime" : 3530.3999999999987,
    "pct2ResTime" : 4932.149999999997,
    "pct3ResTime" : 7520.0,
    "throughput" : 0.9650413761490024,
    "receivedKBytesPerSec" : 0.5843023957152164,
    "sentKBytesPerSec" : 0.23466338150498203
  },
  "Total" : {
    "transaction" : "Total",
    "sampleCount" : 240,
    "errorCount" : 0,
    "errorPct" : 0.0,
    "meanResTime" : 1872.0458333333336,
    "minResTime" : 264.0,
    "maxResTime" : 7664.0,
    "pct1ResTime" : 3639.3,
    "pct2ResTime" : 4347.549999999999,
    "pct3ResTime" : 7433.490000000001,
    "throughput" : 4.582863908037198,
    "receivedKBytesPerSec" : 3.7936923561649065,
    "sentKBytesPerSec" : 2.3995887357024195
  },
  "Get Member Details" : {
    "transaction" : "Get Member Details",
    "sampleCount" : 40,
    "errorCount" : 0,
    "errorPct" : 0.0,
    "meanResTime" : 1278.325,
    "minResTime" : 304.0,
    "maxResTime" : 7309.0,
    "pct1ResTime" : 2683.1,
    "pct2ResTime" : 6885.849999999988,
    "pct3ResTime" : 7309.0,
    "throughput" : 1.0042681395932713,
    "receivedKBytesPerSec" : 2.0173628546321867,
    "sentKBytesPerSec" : 0.3187374466482551
  },
  "Member Login" : {
    "transaction" : "Member Login",
    "sampleCount" : 40,
    "errorCount" : 0,
    "errorPct" : 0.0,
    "meanResTime" : 1908.6750000000004,
    "minResTime" : 520.0,
    "maxResTime" : 6188.0,
    "pct1ResTime" : 4097.199999999999,
    "pct2ResTime" : 4530.9,
    "pct3ResTime" : 6188.0,
    "throughput" : 0.9788806499767516,
    "receivedKBytesPerSec" : 0.6251835401218706,
    "sentKBytesPerSec" : 0.37855150135819693
  }
}