{
  "Get Public Token" : {
    "transaction" : "Get Public Token",
    "sampleCount" : 5,
    "errorCount" : 0,
    "errorPct" : 0.0,
    "meanResTime" : 1593.0,
    "minResTime" : 1590.0,
    "maxResTime" : 1595.0,
    "pct1ResTime" : 1595.0,
    "pct2ResTime" : 1595.0,
    "pct3ResTime" : 1595.0,
    "throughput" : 3.134796238244514,
    "receivedKBytesPerSec" : 1.8980211598746082,
    "sentKBytesPerSec" : 1.4388224921630095
  },
  "Create Member" : {
    "transaction" : "Create Member",
    "sampleCount" : 5,
    "errorCount" : 0,
    "errorPct" : 0.0,
    "meanResTime" : 986.8,
    "minResTime" : 971.0,
    "maxResTime" : 1006.0,
    "pct1ResTime" : 1006.0,
    "pct2ResTime" : 1006.0,
    "pct3ResTime" : 1006.0,
    "throughput" : 4.96524329692155,
    "receivedKBytesPerSec" : 3.2051033391261177,
    "sentKBytesPerSec" : 4.417320940913605
  },
  "POS-Event" : {
    "transaction" : "POS-Event",
    "sampleCount" : 5,
    "errorCount" : 0,
    "errorPct" : 0.0,
    "meanResTime" : 955.0,
    "minResTime" : 909.0,
    "maxResTime" : 1115.0,
    "pct1ResTime" : 1115.0,
    "pct2ResTime" : 1115.0,
    "pct3ResTime" : 1115.0,
    "throughput" : 4.472271914132379,
    "receivedKBytesPerSec" : 2.345322283094812,
    "sentKBytesPerSec" : 3.738539803220035
  },
  "Get Device ID" : {
    "transaction" : "Get Device ID",
    "sampleCount" : 5,
    "errorCount" : 0,
    "errorPct" : 0.0,
    "meanResTime" : 9174.2,
    "minResTime" : 7369.0,
    "maxResTime" : 10417.0,
    "pct1ResTime" : 10417.0,
    "pct2ResTime" : 10417.0,
    "pct3ResTime" : 10417.0,
    "throughput" : 0.4799385678633135,
    "receivedKBytesPerSec" : 0.301367674937608,
    "sentKBytesPerSec" : 0.11623512190439625
  },
  "Total" : {
    "transaction" : "Total",
    "sampleCount" : 30,
    "errorCount" : 0,
    "errorPct" : 0.0,
    "meanResTime" : 2684.5333333333338,
    "minResTime" : 909.0,
    "maxResTime" : 10417.0,
    "pct1ResTime" : 9274.500000000002,
    "pct2ResTime" : 10365.85,
    "pct3ResTime" : 10417.0,
    "throughput" : 1.683029453015428,
    "receivedKBytesPerSec" : 1.428274018232819,
    "sentKBytesPerSec" : 0.8771257012622721
  },
  "Get Member Details" : {
    "transaction" : "Get Member Details",
    "sampleCount" : 5,
    "errorCount" : 0,
    "errorPct" : 0.0,
    "meanResTime" : 1221.2,
    "minResTime" : 1212.0,
    "maxResTime" : 1225.0,
    "pct1ResTime" : 1225.0,
    "pct2ResTime" : 1225.0,
    "pct3ResTime" : 1225.0,
    "throughput" : 4.081632653061225,
    "receivedKBytesPerSec" : 8.286830357142856,
    "sentKBytesPerSec" : 1.2874681122448979
  },
  "Member Login" : {
    "transaction" : "Member Login",
    "sampleCount" : 5,
    "errorCount" : 0,
    "errorPct" : 0.0,
    "meanResTime" : 2177.0,
    "minResTime" : 2158.0,
    "maxResTime" : 2194.0,
    "pct1ResTime" : 2194.0,
    "pct2ResTime" : 2194.0,
    "pct3ResTime" : 2194.0,
    "throughput" : 2.2758306781975417,
    "receivedKBytesPerSec" : 1.4979588643604915,
    "sentKBytesPerSec" : 0.8756614132908511
  }
}